{"cameraMode":{"drawMode":0,"name":"Shaded","section":"Shading Mode"},"sceneLighting":true,"audioPlay":false,"sceneViewState":{"showFog":true,"showMaterialUpdate":false,"showSkybox":false,"showFlares":true,"showImageEffects":true,"showParticleSystems":true},"in2DMode":false,"pivot":{"x":12.330333709716797,"y":0.09213250875473023,"z":-14.248126983642579},"rotation":{"x":0.2682681977748871,"y":0.10608608275651932,"z":-0.029738774523139,"w":0.9570363759994507},"size":3.795623302459717,"orthographic":false}