{"cameraMode":{"drawMode":0,"name":"Shaded","section":"Shading Mode"},"sceneLighting":true,"audioPlay":false,"sceneViewState":{"showFog":true,"showMaterialUpdate":false,"showSkybox":false,"showFlares":true,"showImageEffects":true,"showParticleSystems":true},"in2DMode":false,"pivot":{"x":-27.92099952697754,"y":1.3799999952316285,"z":-25.040000915527345},"rotation":{"x":0.57353276014328,"y":0.001971400575712323,"z":-0.0013643887359648944,"w":0.8192062973976135},"size":4.0578837394714359,"orthographic":false}