{"cameraMode":{"drawMode":0,"name":"Shaded","section":"Shading Mode"},"sceneLighting":false,"audioPlay":false,"sceneViewState":{"showFog":true,"showMaterialUpdate":false,"showSkybox":false,"showFlares":true,"showImageEffects":true,"showParticleSystems":true},"in2DMode":false,"pivot":{"x":1.223982810974121,"y":-1.3329951763153077,"z":-1.8975906372070313},"rotation":{"x":0.05022880807518959,"y":0.9495112299919128,"z":-0.20714975893497468,"w":0.2302466481924057},"size":8.170557975769043,"orthographic":false}