{"cameraMode":{"drawMode":0,"name":"Shaded","section":"Shading Mode"},"sceneLighting":true,"audioPlay":false,"sceneViewState":{"showFog":true,"showMaterialUpdate":false,"showSkybox":true,"showFlares":true,"showImageEffects":true,"showParticleSystems":true},"in2DMode":false,"pivot":{"x":7.963564395904541,"y":-0.0803682953119278,"z":7.35773229598999},"rotation":{"x":0.6807853579521179,"y":-0.0015392826171591879,"z":0.0014329293044283987,"w":0.7325336337089539},"size":136.64883422851563,"orthographic":true}