{"cameraMode":{"drawMode":0,"name":"Shaded","section":"Shading Mode"},"sceneLighting":true,"audioPlay":false,"sceneViewState":{"showFog":true,"showMaterialUpdate":false,"showSkybox":false,"showFlares":true,"showImageEffects":true,"showParticleSystems":true},"in2DMode":false,"pivot":{"x":-29.877681732177736,"y":1.9560649394989014,"z":-24.36288070678711},"rotation":{"x":0.3220612704753876,"y":0.000570217496715486,"z":-0.00017845556430984288,"w":0.946742057800293},"size":6.64341402053833,"orthographic":false}